Datetime,Water Level (m)
2025-09-26 12:00:00,1.5473075
2025-09-26 13:00:00,1.1933305
2025-09-26 14:00:00,0.76894724
2025-09-26 15:00:00,0.32502612
2025-09-26 16:00:00,-0.07997932
2025-09-26 17:00:00,-0.41167742
2025-09-26 18:00:00,-0.42664316
2025-09-26 19:00:00,0.08893413
2025-09-26 20:00:00,0.7403315
2025-09-26 21:00:00,1.3391238
2025-09-26 22:00:00,1.8104916
2025-09-26 23:00:00,2.013011
2025-09-27 00:00:00,1.8880903
2025-09-27 01:00:00,1.5074604
2025-09-27 02:00:00,1.0531331
2025-09-27 03:00:00,0.58018404
2025-09-27 04:00:00,0.13484704
2025-09-27 05:00:00,-0.24775757
2025-09-27 06:00:00,-0.46385327
2025-09-27 07:00:00,-0.21430165
2025-09-27 08:00:00,0.33903462
2025-09-27 09:00:00,0.8938834
2025-09-27 10:00:00,1.3584023
2025-09-27 11:00:00,1.6327609
2025-09-27 12:00:00,1.6003565
2025-09-27 13:00:00,1.2823153
2025-09-27 14:00:00,0.87096536
2025-09-27 15:00:00,0.42743176
2025-09-27 16:00:00,0.010862335
2025-09-27 17:00:00,-0.3609231
2025-09-27 18:00:00,-0.57835996
2025-09-27 19:00:00,-0.32549825
2025-09-27 20:00:00,0.24654353
2025-09-27 21:00:00,0.84511745
2025-09-27 22:00:00,1.37636
2025-09-27 23:00:00,1.7475963
2025-09-28 00:00:00,1.8456538
2025-09-28 01:00:00,1.6096213
2025-09-28 02:00:00,1.2169342
2025-09-28 03:00:00,0.78064305
2025-09-28 04:00:00,0.33844376
2025-09-28 05:00:00,-0.051092975
2025-09-28 06:00:00,-0.3646981
2025-09-28 07:00:00,-0.44006488
2025-09-28 08:00:00,-0.0843573
2025-09-28 09:00:00,0.4283368
2025-09-28 10:00:00,0.90815276
2025-09-28 11:00:00,1.2883885
2025-09-28 12:00:00,1.4730306
2025-09-28 13:00:00,1.3577867
2025-09-28 14:00:00,1.030175
2025-09-28 15:00:00,0.6351982
2025-09-28 16:00:00,0.22614808
2025-09-28 17:00:00,-0.13526373
2025-09-28 18:00:00,-0.42538598
2025-09-28 19:00:00,-0.47069877
2025-09-28 20:00:00,-0.0940624
2025-09-28 21:00:00,0.4312934
2025-09-28 22:00:00,0.93817824
2025-09-28 23:00:00,1.3649153
2025-09-29 00:00:00,1.629116
2025-09-29 01:00:00,1.627032
2025-09-29 02:00:00,1.362344
2025-09-29 03:00:00,0.99055
2025-09-29 04:00:00,0.5918633
2025-09-29 05:00:00,0.19979753
2025-09-29 06:00:00,-0.12623626
2025-09-29 07:00:00,-0.35915363
2025-09-29 08:00:00,-0.3527022
2025-09-29 09:00:00,-0.02046801
2025-09-29 10:00:00,0.40670174
2025-09-29 11:00:00,0.7950505
2025-09-29 12:00:00,1.084366
2025-09-29 13:00:00,1.1995785
2025-09-29 14:00:00,1.080794
2025-09-29 15:00:00,0.8056999
2025-09-29 16:00:00,0.46917188
2025-09-29 17:00:00,0.1301158
2025-09-29 18:00:00,-0.16030237
2025-09-29 19:00:00,-0.36346504
2025-09-29 20:00:00,-0.3361025
2025-09-29 21:00:00,0.010593772
2025-09-29 22:00:00,0.45654932
2025-09-29 23:00:00,0.89234453
2025-09-30 00:00:00,1.2614752
2025-09-30 01:00:00,1.4901754
2025-09-30 02:00:00,1.4886672
2025-09-30 03:00:00,1.2678591
2025-09-30 04:00:00,0.9509705
2025-09-30 05:00:00,0.606041
2025-09-30 06:00:00,0.26549128
2025-09-30 07:00:00,-0.029957008
2025-09-30 08:00:00,-0.24319121
2025-09-30 09:00:00,-0.28787678
2025-09-30 10:00:00,-0.08194172
2025-09-30 11:00:00,0.24851641
2025-09-30 12:00:00,0.58534324
2025-09-30 13:00:00,0.87057865
2025-09-30 14:00:00,1.0317763
2025-09-30 15:00:00,1.0223517
2025-09-30 16:00:00,0.8525368
2025-09-30 17:00:00,0.5942812
2025-09-30 18:00:00,0.31012776
2025-09-30 19:00:00,0.0466209
2025-09-30 20:00:00,-0.15791385
2025-09-30 21:00:00,-0.21985863
2025-09-30 22:00:00,-0.035257734
2025-09-30 23:00:00,0.30502456
2025-10-01 00:00:00,0.6822643
2025-10-01 01:00:00,1.0417271
2025-10-01 02:00:00,1.3240588
2025-10-01 03:00:00,1.456064
2025-10-01 04:00:00,1.3837376
2025-10-01 05:00:00,1.1514419
2025-10-01 06:00:00,0.84871894
2025-10-01 07:00:00,0.5187429
2025-10-01 08:00:00,0.1935765
2025-10-01 09:00:00,-0.083688244
2025-10-01 10:00:00,-0.27424002
2025-10-01 11:00:00,-0.2888313
2025-10-01 12:00:00,-0.049379393
2025-10-01 13:00:00,0.3146503
2025-10-01 14:00:00,0.67556024
2025-10-01 15:00:00,0.9700096
2025-10-01 16:00:00,1.1451397
2025-10-01 17:00:00,1.1542264
2025-10-01 18:00:00,0.9864183
2025-10-01 19:00:00,0.7143114
2025-10-01 20:00:00,0.40394896
2025-10-01 21:00:00,0.11094323
2025-10-01 22:00:00,-0.11728024
2025-10-01 23:00:00,-0.19644116
2025-10-02 00:00:00,0.0057978793
2025-10-02 01:00:00,0.4071295
2025-10-02 02:00:00,0.84814954
2025-10-02 03:00:00,1.2518456
2025-10-02 04:00:00,1.5489041
2025-10-02 05:00:00,1.6637189
2025-10-02 06:00:00,1.5295546
2025-10-02 07:00:00,1.2211438
2025-10-02 08:00:00,0.8519345
2025-10-02 09:00:00,0.46298626
2025-10-02 10:00:00,0.09614586
2025-10-02 11:00:00,-0.1838939
2025-10-02 12:00:00,-0.31659546
